<?xml version="1.0" encoding="UTF-8"?>
<!DOCTYPE mapper PUBLIC "-//mybatis.org//DTD Mapper 3.0//EN" "http://mybatis.org/dtd/mybatis-3-mapper.dtd">

<mapper namespace="com.dao.DianyingyuanDao">

	<!-- 可根据自己的需求，是否要使用 -->
    <resultMap type="com.entity.DianyingyuanEntity" id="dianyingyuanMap">
        <result property="yingyuanmingcheng" column="yingyuanmingcheng"/>
        <result property="yingyuanguimo" column="yingyuanguimo"/>
        <result property="tupian" column="tupian"/>
        <result property="yingyuandizhi" column="yingyuandizhi"/>
        <result property="zixundianhua" column="zixundianhua"/>
        <result property="zhengzairebo" column="zhengzairebo"/>
        <result property="yingyuanjieshao" column="yingyuanjieshao"/>
    </resultMap>

	<select id="selectListVO"
		resultType="com.entity.vo.DianyingyuanVO" >
		SELECT * FROM dianyingyuan  dianyingyuan         
        <where> 1=1 ${ew.sqlSegment}</where>
	</select>
	
	<select id="selectVO"
		resultType="com.entity.vo.DianyingyuanVO" >
		SELECT  dianyingyuan.* FROM dianyingyuan  dianyingyuan 	
 		<where> 1=1 ${ew.sqlSegment}</where>
	</select>

    <select id="selectListView"
		resultType="com.entity.view.DianyingyuanView" >

		SELECT  dianyingyuan.* FROM dianyingyuan  dianyingyuan 	        
        <where> 1=1 ${ew.sqlSegment}</where>
	</select>
	
	<select id="selectView"
		resultType="com.entity.view.DianyingyuanView" >
		SELECT * FROM dianyingyuan  dianyingyuan <where> 1=1 ${ew.sqlSegment}</where>
	</select>
	

</mapper>
