<?xml version="1.0" encoding="UTF-8"?>
<!DOCTYPE mapper PUBLIC "-//mybatis.org//DTD Mapper 3.0//EN" "http://mybatis.org/dtd/mybatis-3-mapper.dtd">

<mapper namespace="com.dao.DianyingfenleiDao">

	<!-- 可根据自己的需求，是否要使用 -->
    <resultMap type="com.entity.DianyingfenleiEntity" id="dianyingfenleiMap">
        <result property="dianyingfenlei" column="dianyingfenlei"/>
    </resultMap>

	<select id="selectListVO"
		resultType="com.entity.vo.DianyingfenleiVO" >
		SELECT * FROM dianyingfenlei  dianyingfenlei         
        <where> 1=1 ${ew.sqlSegment}</where>
	</select>
	
	<select id="selectVO"
		resultType="com.entity.vo.DianyingfenleiVO" >
		SELECT  dianyingfenlei.* FROM dianyingfenlei  dianyingfenlei 	
 		<where> 1=1 ${ew.sqlSegment}</where>
	</select>

    <select id="selectListView"
		resultType="com.entity.view.DianyingfenleiView" >

		SELECT  dianyingfenlei.* FROM dianyingfenlei  dianyingfenlei 	        
        <where> 1=1 ${ew.sqlSegment}</where>
	</select>
	
	<select id="selectView"
		resultType="com.entity.view.DianyingfenleiView" >
		SELECT * FROM dianyingfenlei  dianyingfenlei <where> 1=1 ${ew.sqlSegment}</where>
	</select>
	

</mapper>
